<?xml version="1.0" encoding="UTF-8"?>
<project-private xmlns="http://www.netbeans.org/ns/project-private/1">
    <editor-bookmarks xmlns="http://www.netbeans.org/ns/editor-bookmarks/2" lastBookmarkId="0"/>
    <open-files xmlns="http://www.netbeans.org/ns/projectui-open-files/2">
        <group>
            <file>file:/D:/My%20Documents/NetBeansProjects/Practice/web/WEB-INF/web.xml</file>
            <file>file:/D:/My%20Documents/NetBeansProjects/Practice/src/java/za/ac/tut/personInterface/manager/PersonManager.java</file>
            <file>file:/D:/My%20Documents/NetBeansProjects/Practice/src/java/za/ac/tut/entity/Person.java</file>
            <file>file:/D:/My%20Documents/NetBeansProjects/Practice/src/java/za/ac/tut/servlet/details.java</file>
            <file>file:/D:/My%20Documents/NetBeansProjects/Practice/web/userDetails.jsp</file>
            <file>file:/D:/My%20Documents/NetBeansProjects/Practice/src/java/za/ac/tut/personInterface/PersonInterface.java</file>
            <file>file:/D:/My%20Documents/NetBeansProjects/Practice/web/index.html</file>
            <file>file:/D:/My%20Documents/NetBeansProjects/Practice/web/out_put.jsp</file>
        </group>
    </open-files>
</project-private>
